"file","roi","duration","pres_min.kPa.","pres_min.time.","pres_max.kPa.","pres_max.time.","pres_median.kPa.","pres_iqr.kPa.","pres_max_1s_nadir.kPa.","pres_max_1s_nadir.time.","pres_rpc","pres_acclim_pres_surface","pres_acclim_pres_depth","pres_lrpc_surface","pres_lrpc_depth","nadir_baro","rpc_baro","lrpc_baro_surface","lrpc_baro_depth","rot_min.degs.","rot_min.time.","rot_max.degs.","rot_max.time.","rot_median.degs.","rot_iqr.degs.","acc_hig_min.g.","acc_hig_min.time.","acc_hig_max.g.","acc_hig_max.time.","acc_hig_median.g.","acc_hig_iqr.g.","acc_event_95g","acc_event_200g","acc_event_400g","acc_strike","acc_shear","acc_collision","acc_inacc_min.ms.","acc_inacc_min.time.","acc_inacc_max.ms.","acc_inacc_max.time.","acc_inacc_median.ms.","acc_inacc_iqr.ms.","acc_peak_1.time.","acc_peak_1.g.","acc_peak_1_type","acc_peak_2.time.","acc_peak_2.g.","acc_peak_2_type","acc_peak_3.time.","acc_peak_3.g.","acc_peak_3_type","acc_peak_4.time.","acc_peak_4.g.","acc_peak_4_type","acc_peak_5.time.","acc_peak_5.g.","acc_peak_5_type","acc_peak_6.time.","acc_peak_6.g.","acc_peak_6_type","acc_strike_event.time.","acc_strike_event.g."
"B61-0703140718","overall",NA,83.21,21.08,151.52,12.08,103.1,24.02,98.95,20.21,15.74,101.3,120.9,0.1967,0.3736,"N","N","N","N",2.46,12.31,3307.83,21.37,288.26,312.64,0,10.58,410,21.43,0,1.6,4,4,1,"N",0,1,-9.61,14.42,213.28,21.37,0.08,1.15,21.3635,266.4,"collision",21.428,410,"collision",21.4595,330.6,"collision",21.794,217.7,"collision",NA,NA,NA,NA,NA,NA,NA,NA
"B61-0703140718","roi1_sens_ingress",NA,101.76,10.75,102.55,10.7,102.19,0.24,NA,NA,NA,NA,NA,NA,NA,NA,NA,NA,NA,75.17,10.74,133.24,10.58,89.58,50.44,0,10.58,0,10.58,0,0,0,0,0,NA,0,0,-0.56,10.63,1.58,10.75,-0.12,0.59,NA,NA,NA,NA,NA,NA,NA,NA,NA,NA,NA,NA,NA,NA,NA,NA,NA,NA,NA,NA
"B61-0703140718","roi2_inflow_passage",NA,86.05,13.62,151.52,12.08,96.32,9.01,NA,NA,NA,NA,NA,NA,NA,NA,NA,NA,NA,2.46,12.31,763.95,20.17,150.82,241.45,0,10.78,87.5,14.28,0,1.6,0,0,0,NA,0,0,-9.61,14.42,52.56,14.66,-0.1,0.95,NA,NA,NA,NA,NA,NA,NA,NA,NA,NA,NA,NA,NA,NA,NA,NA,NA,NA,NA,NA
"B61-0703140718","roi3_prenadir",NA,93.09,20.93,98.64,20.65,96.8,3.44,NA,NA,NA,NA,NA,NA,NA,NA,NA,NA,NA,357.15,20.58,662.1,20.74,526.23,203.51,0,20.58,0,20.58,0,0,0,0,0,NA,0,0,-0.51,20.95,4.24,20.9,1.78,2.75,NA,NA,NA,NA,NA,NA,NA,NA,NA,NA,NA,NA,NA,NA,NA,NA,NA,NA,NA,NA
"B61-0703140718","roi4_nadir",NA,83.21,21.08,134.91,21.18,95.41,20.96,NA,NA,NA,NA,NA,NA,NA,"N",NA,NA,NA,321.01,21.07,673.19,21.09,426.33,83.18,0,20.98,14.6,21.11,5.6,4.65,0,0,0,"N",0,0,-6.78,21.01,111.44,21.14,42.39,51.96,NA,NA,NA,NA,NA,NA,NA,NA,NA,NA,NA,NA,NA,NA,NA,NA,NA,NA,NA,NA
"B61-0703140718","roi5_postnadir",NA,128.21,21.36,143.42,21.38,135.03,6.8,NA,NA,NA,NA,NA,NA,NA,NA,NA,NA,NA,615.05,21.18,3307.83,21.37,1904.83,1245.93,0.5,21.21,410,21.43,10,10.6,3,3,1,NA,0,1,-4.51,21.24,213.28,21.37,72.77,87.04,NA,NA,NA,NA,NA,NA,NA,NA,NA,NA,NA,NA,NA,NA,NA,NA,NA,NA,NA,NA
"B61-0703140718","roi6_outflow_passage",NA,101.22,31.33,150.04,21.81,106.76,31.14,NA,NA,NA,NA,NA,NA,NA,NA,NA,NA,NA,67.67,28.33,2636.02,21.61,388.2,331.47,0,25.35,217.7,21.79,0,1.4,1,1,0,NA,0,0,-4.44,22.12,102.43,21.59,0.19,1.13,NA,NA,NA,NA,NA,NA,NA,NA,NA,NA,NA,NA,NA,NA,NA,NA,NA,NA,NA,NA
"B61-0703140718","roi7_sens_outgress",NA,101.19,31.58,101.24,31.42,101.22,0.01,NA,NA,NA,NA,NA,NA,NA,NA,NA,NA,NA,205.57,31.48,339.2,31.58,244.68,57.61,0,31.38,0,31.38,0,0,0,0,0,NA,0,0,-0.04,31.38,0.69,31.52,0.49,0.46,NA,NA,NA,NA,NA,NA,NA,NA,NA,NA,NA,NA,NA,NA,NA,NA,NA,NA,NA,NA
"B61-0703180049","overall",NA,88.41,19.84,143.82,31.69,96.99,16.38,NA,NA,NA,NA,NA,NA,NA,NA,NA,NA,NA,2.62,20.14,3059.15,30.79,258.76,299.05,NA,NA,NA,NA,NA,NA,NA,NA,NA,"N",NA,NA,NA,NA,NA,NA,NA,NA,NA,NA,NA,NA,NA,NA,NA,NA,NA,NA,NA,NA,NA,NA,NA,NA,NA,NA,NA,NA
"B61-0703180049","roi1_sens_ingress",NA,88.41,19.84,90.33,19.92,89.37,0.68,NA,NA,NA,NA,NA,NA,NA,NA,NA,NA,NA,50.5,20,86.08,19.81,77.86,19.29,NA,NA,NA,NA,NA,NA,NA,NA,NA,"N",NA,NA,NA,NA,NA,NA,NA,NA,NA,NA,NA,NA,NA,NA,NA,NA,NA,NA,NA,NA,NA,NA,NA,NA,NA,NA,NA,NA
"B61-0703180049","roi2_inflow_passage",NA,88.74,20.34,97.63,26.22,94.16,2.37,NA,NA,NA,NA,NA,NA,NA,NA,NA,NA,NA,2.62,20.14,762.92,26.09,110.67,198.55,NA,NA,NA,NA,NA,NA,NA,NA,NA,"N",NA,NA,NA,NA,NA,NA,NA,NA,NA,NA,NA,NA,NA,NA,NA,NA,NA,NA,NA,NA,NA,NA,NA,NA,NA,NA,NA,NA
"B61-0703180049","roi3_prenadir",NA,92.46,30.15,96.1,29.89,94.61,1.95,NA,NA,NA,NA,NA,NA,NA,NA,NA,NA,NA,182.55,29.81,745.79,30.12,470.38,387.32,NA,NA,NA,NA,NA,NA,NA,NA,NA,"N",NA,NA,NA,NA,NA,NA,NA,NA,NA,NA,NA,NA,NA,NA,NA,NA,NA,NA,NA,NA,NA,NA,NA,NA,NA,NA,NA,NA
"B61-0703180049","roi4_nadir",NA,88.8,30.31,129.05,30.41,94.12,26.24,NA,NA,NA,NA,NA,NA,NA,NA,NA,NA,NA,167.96,30.32,1541.13,30.38,475.55,652.28,NA,NA,NA,NA,NA,NA,NA,NA,NA,"N",NA,NA,NA,NA,NA,NA,NA,NA,NA,NA,NA,NA,NA,NA,NA,NA,NA,NA,NA,NA,NA,NA,NA,NA,NA,NA,NA,NA
"B61-0703180049","roi5_postnadir",NA,126.16,30.51,135.73,30.81,131.52,3.3,NA,NA,NA,NA,NA,NA,NA,NA,NA,NA,NA,1010.98,30.43,3059.15,30.79,2231.97,420.74,NA,NA,NA,NA,NA,NA,NA,NA,NA,"N",NA,NA,NA,NA,NA,NA,NA,NA,NA,NA,NA,NA,NA,NA,NA,NA,NA,NA,NA,NA,NA,NA,NA,NA,NA,NA,NA,NA
"B61-0703180049","roi6_outflow_passage",NA,107.27,35.68,143.82,31.69,110.45,23.87,NA,NA,NA,NA,NA,NA,NA,NA,NA,NA,NA,30.52,38.08,2836.83,30.81,371.04,214.8,NA,NA,NA,NA,NA,NA,NA,NA,NA,"N",NA,NA,NA,NA,NA,NA,NA,NA,NA,NA,NA,NA,NA,NA,NA,NA,NA,NA,NA,NA,NA,NA,NA,NA,NA,NA,NA,NA
"B61-0703180049","roi7_sens_outgress",NA,109.77,40.63,110.24,40.81,109.9,0.22,NA,NA,NA,NA,NA,NA,NA,NA,NA,NA,NA,308.16,40.61,367.67,40.81,339.81,13.44,NA,NA,NA,NA,NA,NA,NA,NA,NA,"N",NA,NA,NA,NA,NA,NA,NA,NA,NA,NA,NA,NA,NA,NA,NA,NA,NA,NA,NA,NA,NA,NA,NA,NA,NA,NA,NA,NA
"B61-0704112605","overall",NA,86.85,31.55,147.16,32.76,100.14,48.86,NA,NA,NA,NA,NA,NA,NA,NA,NA,NA,NA,108.25,30.3,2070.66,31.62,484.61,450.64,0,29.85,589.6,31.59,0,2.6,NA,NA,NA,"N",NA,NA,-5.9,31.5,85.52,31.61,1.48,9.91,NA,NA,NA,NA,NA,NA,NA,NA,NA,NA,NA,NA,NA,NA,NA,NA,NA,NA,NA,NA
"B61-0704112605","roi1_sens_ingress",NA,98.5,29.98,100.22,29.85,99.51,0.77,NA,NA,NA,NA,NA,NA,NA,NA,NA,NA,NA,186.99,29.96,320.35,29.85,210.27,52.81,0,29.85,0,29.85,0,0,NA,NA,NA,"N",NA,NA,0.69,30.05,1.26,29.85,0.93,0.11,NA,NA,NA,NA,NA,NA,NA,NA,NA,NA,NA,NA,NA,NA,NA,NA,NA,NA,NA,NA
"B61-0704112605","roi2_inflow_passage",NA,93.93,31.1,100.5,30.06,96.26,3.11,NA,NA,NA,NA,NA,NA,NA,NA,NA,NA,NA,108.25,30.3,495.49,30.79,325.07,259.81,0,30.05,0,30.05,0,0,NA,NA,NA,"N",NA,NA,-1.23,31.1,2.05,30.65,0.32,1.6,NA,NA,NA,NA,NA,NA,NA,NA,NA,NA,NA,NA,NA,NA,NA,NA,NA,NA,NA,NA
"B61-0704112605","roi3_prenadir",NA,87.78,31.43,94.92,31.17,93.24,2.83,NA,NA,NA,NA,NA,NA,NA,NA,NA,NA,NA,207.19,31.28,524,31.43,347.57,169.8,0,31.15,70.1,31.25,1.7,1.83,NA,NA,NA,"N",NA,NA,-1.73,31.29,50.24,31.42,0.56,5.69,NA,NA,NA,NA,NA,NA,NA,NA,NA,NA,NA,NA,NA,NA,NA,NA,NA,NA,NA,NA
"B61-0704112605","roi4_nadir",NA,86.85,31.55,139.82,31.65,91.21,32.57,NA,NA,NA,NA,NA,NA,NA,NA,NA,NA,NA,209.34,31.6,2070.66,31.62,538,346.24,0.6,31.48,589.6,31.59,3.8,4.22,NA,NA,NA,"N",NA,NA,-5.9,31.5,85.52,31.61,21.49,29.59,NA,NA,NA,NA,NA,NA,NA,NA,NA,NA,NA,NA,NA,NA,NA,NA,NA,NA,NA,NA
"B61-0704112605","roi5_postnadir",NA,136.41,31.71,145.33,31.86,141.37,2.06,NA,NA,NA,NA,NA,NA,NA,NA,NA,NA,NA,138.85,31.91,1604.31,31.66,1245.5,355.88,0.3,31.69,10.6,31.66,5.5,2.7,NA,NA,NA,"N",NA,NA,-2.81,31.71,75.15,31.82,42.21,25.02,NA,NA,NA,NA,NA,NA,NA,NA,NA,NA,NA,NA,NA,NA,NA,NA,NA,NA,NA,NA
"B61-0704112605","roi6_outflow_passage",NA,141.34,32.13,147.16,32.76,145.56,2.07,NA,NA,NA,NA,NA,NA,NA,NA,NA,NA,NA,251.63,32.31,1425.45,31.99,724.51,241.04,0,32.8,7.8,31.95,2,2.1,NA,NA,NA,"N",NA,NA,-4.98,32.47,53.38,31.96,5.03,10.88,NA,NA,NA,NA,NA,NA,NA,NA,NA,NA,NA,NA,NA,NA,NA,NA,NA,NA,NA,NA
"B61-0704112605","roi7_sens_outgress",NA,142.49,33.25,145.95,33.1,144.57,1.87,NA,NA,NA,NA,NA,NA,NA,NA,NA,NA,NA,315.82,33.06,733.3,33.22,489.92,247.82,0,33.05,0,33.05,0,0,NA,NA,NA,"N",NA,NA,2.52,33.25,6.82,33.2,3.8,1.48,NA,NA,NA,NA,NA,NA,NA,NA,NA,NA,NA,NA,NA,NA,NA,NA,NA,NA,NA,NA
"B62-0703183930","overall",NA,94.99,29.29,142.36,30.18,106.01,28.69,NA,NA,NA,NA,NA,NA,NA,NA,NA,NA,NA,NA,NA,NA,NA,NA,NA,0,23.79,213.9,30.25,0,1,NA,NA,NA,"N",NA,NA,-7.62,29.25,168.94,30.03,0.36,1.88,NA,NA,NA,NA,NA,NA,NA,NA,NA,NA,NA,NA,NA,NA,NA,NA,NA,NA,NA,NA
"B62-0703183930","roi1_sens_ingress",NA,100.32,23.98,102.13,23.88,101.4,0.83,NA,NA,NA,NA,NA,NA,NA,NA,NA,NA,NA,NA,NA,NA,NA,NA,NA,0,23.79,0,23.79,0,0,NA,NA,NA,"N",NA,NA,-0.44,23.9,0.27,23.95,0.04,0.09,NA,NA,NA,NA,NA,NA,NA,NA,NA,NA,NA,NA,NA,NA,NA,NA,NA,NA,NA,NA
"B62-0703183930","roi2_inflow_passage",NA,98.49,25.3,106.74,28.02,102.06,4.01,NA,NA,NA,NA,NA,NA,NA,NA,NA,NA,NA,NA,NA,NA,NA,NA,NA,0,23.99,0,23.99,0,0,NA,NA,NA,"N",NA,NA,-4,25.31,3.62,25.9,0.3,0.81,NA,NA,NA,NA,NA,NA,NA,NA,NA,NA,NA,NA,NA,NA,NA,NA,NA,NA,NA,NA
"B62-0703183930","roi3_prenadir",NA,98.03,29.16,103.23,28.81,101.68,2.96,NA,NA,NA,NA,NA,NA,NA,NA,NA,NA,NA,NA,NA,NA,NA,NA,NA,0,28.79,0,28.79,0,0,NA,NA,NA,"N",NA,NA,-1.87,29.19,2.53,29.07,1.04,1.37,NA,NA,NA,NA,NA,NA,NA,NA,NA,NA,NA,NA,NA,NA,NA,NA,NA,NA,NA,NA
"B62-0703183930","roi4_nadir",NA,94.99,29.29,133.3,29.39,98.4,13.97,NA,NA,NA,NA,NA,NA,NA,NA,NA,NA,NA,NA,NA,NA,NA,NA,NA,0,29.19,15,29.33,3.75,8.12,NA,NA,NA,"N",NA,NA,-7.62,29.25,125.82,29.35,21.68,60.21,NA,NA,NA,NA,NA,NA,NA,NA,NA,NA,NA,NA,NA,NA,NA,NA,NA,NA,NA,NA
"B62-0703183930","roi5_postnadir",NA,125.9,29.64,139.87,29.6,133.51,3.2,NA,NA,NA,NA,NA,NA,NA,NA,NA,NA,NA,NA,NA,NA,NA,NA,NA,0.3,29.69,195.9,29.44,6.5,9.3,NA,NA,NA,"N",NA,NA,-4.27,29.52,150.49,29.6,55.62,85.76,NA,NA,NA,NA,NA,NA,NA,NA,NA,NA,NA,NA,NA,NA,NA,NA,NA,NA,NA,NA
"B62-0703183930","roi6_outflow_passage",NA,105.69,34.57,142.36,30.18,130.61,22.46,NA,NA,NA,NA,NA,NA,NA,NA,NA,NA,NA,NA,NA,NA,NA,NA,NA,0,32.34,213.9,30.25,0.7,2,NA,NA,NA,"N",NA,NA,-4.53,30.6,168.94,30.03,0.39,5.13,NA,NA,NA,NA,NA,NA,NA,NA,NA,NA,NA,NA,NA,NA,NA,NA,NA,NA,NA,NA
"B62-0703183930","roi7_sens_outgress",NA,104.86,34.73,106.66,34.59,105.4,0.5,NA,NA,NA,NA,NA,NA,NA,NA,NA,NA,NA,NA,NA,NA,NA,NA,NA,0,34.59,0,34.59,0,0,NA,NA,NA,"N",NA,NA,-1.43,34.68,-0.74,34.78,-1.13,0.27,NA,NA,NA,NA,NA,NA,NA,NA,NA,NA,NA,NA,NA,NA,NA,NA,NA,NA,NA,NA
"B62-0704135530","overall",NA,79.58,20.31,148.34,20.73,102.42,23.82,NA,NA,NA,NA,NA,NA,NA,NA,NA,NA,NA,10.71,25.69,2319.72,20.62,269.26,357.52,0,15.27,465.5,20.55,0,1,NA,NA,NA,"N",NA,NA,-8.9,20.85,152.45,20.32,-0.04,1.95,NA,NA,NA,NA,NA,NA,NA,NA,NA,NA,NA,NA,NA,NA,NA,NA,NA,NA,NA,NA
"B62-0704135530","roi1_sens_ingress",NA,91.98,14.81,94.15,14.96,93.09,0.93,NA,NA,NA,NA,NA,NA,NA,NA,NA,NA,NA,209.67,14.81,296.52,14.91,261.45,36.5,0.2,14.93,3.8,14.81,1.7,1,NA,NA,NA,"N",NA,NA,-2.98,14.99,-0.37,14.84,-1.96,1.59,NA,NA,NA,NA,NA,NA,NA,NA,NA,NA,NA,NA,NA,NA,NA,NA,NA,NA,NA,NA
"B62-0704135530","roi2_inflow_passage",NA,92.91,15.01,102.72,19.55,98.28,2.44,NA,NA,NA,NA,NA,NA,NA,NA,NA,NA,NA,62.5,18.74,879.28,16.12,336.42,360.3,0,15.27,135.2,15.83,0,0.9,NA,NA,NA,"N",NA,NA,-3.27,15.05,9.67,15.85,0.15,1.56,NA,NA,NA,NA,NA,NA,NA,NA,NA,NA,NA,NA,NA,NA,NA,NA,NA,NA,NA,NA
"B62-0704135530","roi3_prenadir",NA,93.45,20.2,102.2,19.86,99.66,5.71,NA,NA,NA,NA,NA,NA,NA,NA,NA,NA,NA,114.23,19.84,328.52,20.05,266.41,114.87,0,19.81,0,19.81,0,0,NA,NA,NA,"N",NA,NA,-0.92,20.21,5.9,20.08,2.47,1.56,NA,NA,NA,NA,NA,NA,NA,NA,NA,NA,NA,NA,NA,NA,NA,NA,NA,NA,NA,NA
"B62-0704135530","roi4_nadir",NA,79.58,20.31,141.65,20.41,95.15,28.84,NA,NA,NA,NA,NA,NA,NA,NA,NA,NA,NA,137.71,20.32,1198.8,20.38,298.04,582.1,0,20.21,27.7,20.29,3.8,5.72,NA,NA,NA,"N",NA,NA,-2.01,20.22,152.45,20.32,14.95,56.84,NA,NA,NA,NA,NA,NA,NA,NA,NA,NA,NA,NA,NA,NA,NA,NA,NA,NA,NA,NA
"B62-0704135530","roi5_postnadir",NA,138.72,20.66,148.34,20.73,143.55,3.87,NA,NA,NA,NA,NA,NA,NA,NA,NA,NA,NA,152.52,20.58,2319.72,20.62,1259.23,770.49,0.4,20.81,465.5,20.55,4.3,4.12,NA,NA,NA,"N",NA,NA,2.64,20.45,122.36,20.58,26.19,34.27,NA,NA,NA,NA,NA,NA,NA,NA,NA,NA,NA,NA,NA,NA,NA,NA,NA,NA,NA,NA
"B62-0704135530","roi6_outflow_passage",NA,106.86,24.82,146.47,20.84,120.6,28.29,NA,NA,NA,NA,NA,NA,NA,NA,NA,NA,NA,45.36,23.45,1386.44,20.88,234.77,221.93,0,21.84,30.9,20.84,0,0,NA,NA,NA,"N",NA,NA,-8.9,20.85,40.28,21.33,-0.26,1.28,NA,NA,NA,NA,NA,NA,NA,NA,NA,NA,NA,NA,NA,NA,NA,NA,NA,NA,NA,NA
"B62-0704135530","roi7_sens_outgress",NA,108.15,25.78,108.59,25.65,108.32,0.12,NA,NA,NA,NA,NA,NA,NA,NA,NA,NA,NA,10.71,25.69,184.61,25.81,88.07,83.04,0,25.61,0,25.61,0,0,NA,NA,NA,"N",NA,NA,-0.02,25.64,0.12,25.77,0.07,0.06,NA,NA,NA,NA,NA,NA,NA,NA,NA,NA,NA,NA,NA,NA,NA,NA,NA,NA,NA,NA
"B62-0320124850","overall",NA,99.94,159.43,145.2,269.49,110.74,14.28,127.63,268.5,18.63,101.3,120.9,-0.0733,0.1036,"N","N","N","N",0.12,210.47,2346.5,270.5,64.33,141.7,0.1,160.27,515,269.35,1.7,1,7,3,3,"Y",0,3,-9.72,161.25,188.61,269.35,-0.01,0.1,161.7475,97.8,"collision",269.3225,103.9,"collision",269.3485,406.6,"collision",269.352,515,"collision",269.355,193.3,"collision",269.361,98.4,"collision",269.3485,406.6
"B62-0320124850","roi1_sens_ingress",NA,99.94,159.43,119.51,161.77,99.96,0.03,NA,NA,NA,NA,NA,NA,NA,NA,NA,NA,NA,0.74,160.79,384.16,161.45,64.76,144.07,0.1,160.27,97.8,161.75,1.6,1.1,1,0,0,NA,0,0,-9.72,161.25,141.75,161.78,-0.15,6.42,NA,NA,NA,NA,NA,NA,NA,NA,NA,NA,NA,NA,NA,NA,NA,NA,NA,NA,NA,NA
"B62-0320124850","roi2_inflow_passage",NA,102.76,169.4,127.63,268.5,121.22,19.97,NA,NA,NA,NA,NA,NA,NA,NA,NA,NA,NA,0.12,210.47,546.24,268.53,17.63,27.87,0.1,162.49,45.5,268.48,1.7,1,0,0,0,NA,0,0,-5.07,268.39,28.2,268.5,0,0.06,NA,NA,NA,NA,NA,NA,NA,NA,NA,NA,NA,NA,NA,NA,NA,NA,NA,NA,NA,NA
"B62-0320124850","roi3_prenadir",NA,124.79,269.23,126.68,268.85,126.21,0.35,NA,NA,NA,NA,NA,NA,NA,NA,NA,NA,NA,50.96,269.06,342.85,269.23,149.68,63.83,0.2,268.87,13.7,268.93,2,1,0,0,0,NA,0,0,-0.05,268.8,7.81,269.23,0.79,0.79,NA,NA,NA,NA,NA,NA,NA,NA,NA,NA,NA,NA,NA,NA,NA,NA,NA,NA,NA,NA
"B62-0320124850","roi4_nadir",NA,109,269.33,144.44,269.43,124.33,12.46,NA,NA,NA,NA,NA,NA,NA,"N",NA,NA,NA,18.22,269.29,2000.26,269.36,561.32,644.48,1.4,269.23,515,269.35,7.5,12.4,6,3,3,"Y",0,3,7.87,269.23,188.61,269.35,71.58,72.49,NA,NA,NA,NA,NA,NA,NA,NA,NA,NA,NA,NA,NA,NA,NA,NA,NA,NA,NA,NA
"B62-0320124850","roi5_postnadir",NA,121.22,269.52,145.2,269.49,136.07,7.25,NA,NA,NA,NA,NA,NA,NA,NA,NA,NA,NA,703.74,269.8,2315.24,269.46,1679.61,678.64,0.2,269.77,14.4,269.5,5.4,3.6,0,0,0,NA,0,0,-7.17,269.72,110.06,269.53,46.82,38.89,NA,NA,NA,NA,NA,NA,NA,NA,NA,NA,NA,NA,NA,NA,NA,NA,NA,NA,NA,NA
"B62-0320124850","roi6_outflow_passage",NA,99.96,277.36,136.71,269.8,105.33,8.78,NA,NA,NA,NA,NA,NA,NA,NA,NA,NA,NA,3.54,298.76,2346.5,270.5,206.44,231.2,0.1,270.14,77.3,271.88,1.9,1.2,0,0,0,NA,0,0,-6.84,270.54,75.97,270.41,-0.01,0.32,NA,NA,NA,NA,NA,NA,NA,NA,NA,NA,NA,NA,NA,NA,NA,NA,NA,NA,NA,NA
"B62-0320124850","roi7_sens_outgress",NA,100.19,314.41,112.62,361.16,110.12,5.24,NA,NA,NA,NA,NA,NA,NA,NA,NA,NA,NA,2.87,315.34,1841.9,314.75,119.68,113.52,0.1,321.35,13.7,365.29,1.6,1,0,0,0,NA,0,0,-3.26,314.78,21.71,314.45,-0.04,0.13,NA,NA,NA,NA,NA,NA,NA,NA,NA,NA,NA,NA,NA,NA,NA,NA,NA,NA,NA,NA
"B63-0703134337","overall",NA,78.2,27.74,153.37,27.97,100.09,23.63,100.47,26.93,22.27,101.3,120.9,0.2588,0.4357,NA,NA,NA,NA,NA,NA,NA,NA,NA,NA,0,23.23,402.1,27.98,0,1.6,5,2,1,"N",0,1,-7.18,27.71,190.27,27.96,0,2.41,27.886,95.4,"collision",27.9755,402.1,"collision",27.978,126.4,"collision",27.9915,112.1,"collision",28.803,399.1,"collision",NA,NA,NA,NA,NA
"B63-0703134337","roi1_sens_ingress",NA,94.21,22.3,96.51,22.37,95.17,0.95,NA,NA,NA,NA,NA,NA,NA,NA,NA,NA,NA,NA,NA,NA,NA,NA,NA,0.3,22.26,10,22.25,2,1,0,0,0,NA,0,0,-2.7,22.4,4.96,22.25,0.71,3.12,NA,NA,NA,NA,NA,NA,NA,NA,NA,NA,NA,NA,NA,NA,NA,NA,NA,NA,NA,NA
"B63-0703134337","roi2_inflow_passage",NA,93.45,24.72,100.47,26.93,95.84,2.82,NA,NA,NA,NA,NA,NA,NA,NA,NA,NA,NA,NA,NA,NA,NA,NA,NA,0,23.23,5,22.61,0,0,0,0,0,NA,0,0,-4.01,23,14.37,22.93,0.05,1.66,NA,NA,NA,NA,NA,NA,NA,NA,NA,NA,NA,NA,NA,NA,NA,NA,NA,NA,NA,NA
"B63-0703134337","roi3_prenadir",NA,91.29,27.63,98.9,27.34,96.78,4.57,NA,NA,NA,NA,NA,NA,NA,NA,NA,NA,NA,NA,NA,NA,NA,NA,NA,0,27.24,0,27.24,0,0,0,0,0,NA,0,0,0.27,27.64,4.74,27.62,1.53,1.94,NA,NA,NA,NA,NA,NA,NA,NA,NA,NA,NA,NA,NA,NA,NA,NA,NA,NA,NA,NA
"B63-0703134337","roi4_nadir",NA,78.2,27.74,139.72,27.84,93.94,21.79,NA,NA,NA,NA,NA,NA,NA,NA,NA,NA,NA,NA,NA,NA,NA,NA,NA,0,27.64,18.9,27.72,3.3,3.4,0,0,0,"N",0,0,-7.18,27.71,97.96,27.75,19.89,39.04,NA,NA,NA,NA,NA,NA,NA,NA,NA,NA,NA,NA,NA,NA,NA,NA,NA,NA,NA,NA
"B63-0703134337","roi5_postnadir",NA,132.93,27.95,153.37,27.97,138.39,3.8,NA,NA,NA,NA,NA,NA,NA,NA,NA,NA,NA,NA,NA,NA,NA,NA,NA,0.6,27.87,402.1,27.98,8.3,6.43,4,1,1,NA,0,1,1.82,27.9,190.27,27.96,61.25,60.78,NA,NA,NA,NA,NA,NA,NA,NA,NA,NA,NA,NA,NA,NA,NA,NA,NA,NA,NA,NA
"B63-0703134337","roi6_outflow_passage",NA,103.62,32.33,150.73,28.82,117.82,30.87,NA,NA,NA,NA,NA,NA,NA,NA,NA,NA,NA,NA,NA,NA,NA,NA,NA,0,29.81,399.1,28.8,0.8,1.8,1,1,0,NA,0,0,-5.03,28.93,91.86,28.28,-0.36,2.39,NA,NA,NA,NA,NA,NA,NA,NA,NA,NA,NA,NA,NA,NA,NA,NA,NA,NA,NA,NA
"B63-0703134337","roi7_sens_outgress",NA,104.65,33.15,105.08,33.2,104.84,0.12,NA,NA,NA,NA,NA,NA,NA,NA,NA,NA,NA,NA,NA,NA,NA,NA,NA,0,33.04,0,33.04,0,0,0,0,0,NA,0,0,-0.24,33.24,0.12,33.06,-0.01,0.08,NA,NA,NA,NA,NA,NA,NA,NA,NA,NA,NA,NA,NA,NA,NA,NA,NA,NA,NA,NA
"B69-0716135923","overall",NA,106.91,22.73,146.87,23.77,111.37,33.22,111.58,22.7,4.67,101.3,120.9,-0.0539,0.123,"N","N","N","N",NA,NA,NA,NA,NA,NA,0,21.03,141.9,23.47,0.6,3.1,2,0,0,"N",0,0,-6.82,23.89,135.48,23.11,0.64,17.82,22.808,101.3,"collision",23.4735,141.9,"collision",NA,NA,NA,NA,NA,NA,NA,NA,NA,NA,NA,NA,NA,NA
"B69-0716135923","roi1_sens_ingress",NA,108.92,21.06,109.5,21.18,109.2,0.23,NA,NA,NA,NA,NA,NA,NA,NA,NA,NA,NA,NA,NA,NA,NA,NA,NA,0,21.03,0,21.03,0,0,0,0,0,NA,0,0,0.14,21.03,0.68,21.22,0.46,0.16,NA,NA,NA,NA,NA,NA,NA,NA,NA,NA,NA,NA,NA,NA,NA,NA,NA,NA,NA,NA
"B69-0716135923","roi2_inflow_passage",NA,109.06,21.26,111.42,22.08,110.42,0.71,NA,NA,NA,NA,NA,NA,NA,NA,NA,NA,NA,NA,NA,NA,NA,NA,NA,0,21.23,0,21.23,0,0,0,0,0,NA,0,0,-0.55,21.91,0.67,21.23,-0.22,0.5,NA,NA,NA,NA,NA,NA,NA,NA,NA,NA,NA,NA,NA,NA,NA,NA,NA,NA,NA,NA
"B69-0716135923","roi3_prenadir",NA,108.9,22.53,110.75,22.41,109.71,1.21,NA,NA,NA,NA,NA,NA,NA,NA,NA,NA,NA,NA,NA,NA,NA,NA,NA,0,22.33,0,22.33,0,0,0,0,0,NA,0,0,-0.54,22.63,6.37,22.51,0.78,2.79,NA,NA,NA,NA,NA,NA,NA,NA,NA,NA,NA,NA,NA,NA,NA,NA,NA,NA,NA,NA
"B69-0716135923","roi4_nadir",NA,106.91,22.73,137.68,22.83,110.57,10.94,NA,NA,NA,NA,NA,NA,NA,"N",NA,NA,NA,NA,NA,NA,NA,NA,NA,0,22.63,101.3,22.81,2.3,5.6,1,0,0,"N",0,0,-2.43,22.64,99.5,22.79,12.24,23.15,NA,NA,NA,NA,NA,NA,NA,NA,NA,NA,NA,NA,NA,NA,NA,NA,NA,NA,NA,NA
"B69-0716135923","roi5_postnadir",NA,132.31,23.08,139.34,23.04,134.59,4.93,NA,NA,NA,NA,NA,NA,NA,NA,NA,NA,NA,NA,NA,NA,NA,NA,NA,1.6,22.91,16.7,23.08,7.3,4.7,0,0,0,NA,0,0,20.44,22.93,135.48,23.11,60.48,49.05,NA,NA,NA,NA,NA,NA,NA,NA,NA,NA,NA,NA,NA,NA,NA,NA,NA,NA,NA,NA
"B69-0716135923","roi6_outflow_passage",NA,136.29,23.49,146.87,23.77,143.81,3.79,NA,NA,NA,NA,NA,NA,NA,NA,NA,NA,NA,NA,NA,NA,NA,NA,NA,0.1,23.99,141.9,23.47,2.6,2.6,1,0,0,NA,0,0,-6.82,23.89,83.06,23.45,10.16,28.39,NA,NA,NA,NA,NA,NA,NA,NA,NA,NA,NA,NA,NA,NA,NA,NA,NA,NA,NA,NA
"B69-0716135923","roi7_sens_outgress",NA,144.54,24.44,146.06,24.25,145.39,0.65,NA,NA,NA,NA,NA,NA,NA,NA,NA,NA,NA,NA,NA,NA,NA,NA,NA,0.1,24.24,4.5,24.39,1.9,1.1,0,0,0,NA,0,0,-3.16,24.45,12.86,24.41,4.22,7.38,NA,NA,NA,NA,NA,NA,NA,NA,NA,NA,NA,NA,NA,NA,NA,NA,NA,NA,NA,NA
"B61-0102005624","overall",NA,100.17,26.26,148.84,26.36,109.26,28.34,113.85,26.23,13.68,101.3,120.9,0.0112,0.1881,"N","N","N","N",NA,NA,NA,NA,NA,NA,0,24.56,566.4,26.29,0.9,2.9,4,3,2,"Y",0,2,-6.19,26.14,199,26.26,1.11,12.77,26.293,566.4,"collision",26.352,402.6,"collision",27.177,166.5,"collision",27.319,228.1,"collision",NA,NA,NA,NA,NA,NA,26.293,566.4
"B61-0102005624","roi1_sens_ingress",NA,107.5,20.76,108.93,20.95,108.42,0.42,NA,NA,NA,NA,NA,NA,NA,NA,NA,NA,NA,NA,NA,NA,NA,NA,NA,0,24.56,0,24.56,0,0,0,0,0,NA,0,0,0.31,24.76,0.43,24.62,0.36,0.03,NA,NA,NA,NA,NA,NA,NA,NA,NA,NA,NA,NA,NA,NA,NA,NA,NA,NA,NA,NA
"B61-0102005624","roi2_inflow_passage",NA,105.93,23.6,109.27,21.52,107.34,1.05,NA,NA,NA,NA,NA,NA,NA,NA,NA,NA,NA,NA,NA,NA,NA,NA,NA,0,24.76,0,24.76,0,0,0,0,0,NA,0,0,-0.11,25.15,0.5,25.86,0.2,0.29,NA,NA,NA,NA,NA,NA,NA,NA,NA,NA,NA,NA,NA,NA,NA,NA,NA,NA,NA,NA
"B61-0102005624","roi3_prenadir",NA,106.28,25.95,108.14,26.15,106.98,0.49,NA,NA,NA,NA,NA,NA,NA,NA,NA,NA,NA,NA,NA,NA,NA,NA,NA,0,25.86,0,25.86,0,0,0,0,0,NA,0,0,-6.19,26.14,7.43,26.16,0.86,0.82,NA,NA,NA,NA,NA,NA,NA,NA,NA,NA,NA,NA,NA,NA,NA,NA,NA,NA,NA,NA
"B61-0102005624","roi4_nadir",NA,100.17,26.26,148.84,26.36,109.15,17.49,NA,NA,NA,NA,NA,NA,NA,"N",NA,NA,NA,NA,NA,NA,NA,NA,NA,0,26.16,566.4,26.29,8.6,10.6,2,2,2,"Y",0,2,7.88,26.16,199,26.26,54.46,91.47,NA,NA,NA,NA,NA,NA,NA,NA,NA,NA,NA,NA,NA,NA,NA,NA,NA,NA,NA,NA
"B61-0102005624","roi5_postnadir",NA,125.5,26.48,148.03,26.36,136.03,4.78,NA,NA,NA,NA,NA,NA,NA,NA,NA,NA,NA,NA,NA,NA,NA,NA,NA,0.5,26.61,19.4,26.47,6.6,6.35,0,0,0,NA,0,0,-2.8,26.54,162.21,26.49,56.71,48.37,NA,NA,NA,NA,NA,NA,NA,NA,NA,NA,NA,NA,NA,NA,NA,NA,NA,NA,NA,NA
"B61-0102005624","roi6_outflow_passage",NA,111.85,31.56,144.5,27.39,136.9,18.73,NA,NA,NA,NA,NA,NA,NA,NA,NA,NA,NA,NA,NA,NA,NA,NA,NA,0.2,27.09,228.1,27.32,2.4,1.7,2,1,0,NA,0,0,-6.08,27.1,87.72,26.8,9.37,14.72,NA,NA,NA,NA,NA,NA,NA,NA,NA,NA,NA,NA,NA,NA,NA,NA,NA,NA,NA,NA
"B61-0102005624","roi7_sens_outgress",NA,110.26,31.76,111.99,31.58,111.24,0.79,NA,NA,NA,NA,NA,NA,NA,NA,NA,NA,NA,NA,NA,NA,NA,NA,NA,0.2,27.93,13,27.86,1.8,0.92,0,0,0,NA,0,0,-1.32,27.89,41.34,27.88,1.86,2.71,NA,NA,NA,NA,NA,NA,NA,NA,NA,NA,NA,NA,NA,NA,NA,NA,NA,NA,NA,NA
"B62-0716153057","overall",NA,94.52,32.85,146.54,34.43,110.51,33.73,115.95,32.84,21.43,101.3,120.9,0.0693,0.2462,"N","N","N","N",NA,NA,NA,NA,NA,NA,0,31.15,435,33.14,1.1,2.5,3,2,1,"N",0,1,-8.73,34.1,130.5,33.14,0.04,7.77,32.8645,98.7,"collision",33.1405,435,"collision",34.301,205.1,"collision",NA,NA,NA,NA,NA,NA,NA,NA,NA,NA,NA
"B62-0716153057","roi1_sens_ingress",NA,107.93,31.33,109.31,31.15,108.39,0.46,NA,NA,NA,NA,NA,NA,NA,NA,NA,NA,NA,NA,NA,NA,NA,NA,NA,0,31.15,0,31.15,0,0,0,0,0,NA,0,0,-0.25,31.35,0.04,31.22,-0.02,0.12,NA,NA,NA,NA,NA,NA,NA,NA,NA,NA,NA,NA,NA,NA,NA,NA,NA,NA,NA,NA
"B62-0716153057","roi2_inflow_passage",NA,107.88,31.64,109.92,32.44,108.84,1,NA,NA,NA,NA,NA,NA,NA,NA,NA,NA,NA,NA,NA,NA,NA,NA,NA,0,31.35,0,31.35,0,0,0,0,0,NA,0,0,-2.64,31.76,0.43,31.78,-0.33,0.29,NA,NA,NA,NA,NA,NA,NA,NA,NA,NA,NA,NA,NA,NA,NA,NA,NA,NA,NA,NA
"B62-0716153057","roi3_prenadir",NA,108.53,32.63,110.02,32.75,109.31,0.62,NA,NA,NA,NA,NA,NA,NA,NA,NA,NA,NA,NA,NA,NA,NA,NA,NA,0,32.45,11,32.55,1.8,1.5,0,0,0,NA,0,0,-1.53,32.71,11.03,32.61,0.52,4.33,NA,NA,NA,NA,NA,NA,NA,NA,NA,NA,NA,NA,NA,NA,NA,NA,NA,NA,NA,NA
"B62-0716153057","roi4_nadir",NA,94.52,32.85,136.15,32.95,110.06,7.76,NA,NA,NA,NA,NA,NA,NA,"N",NA,NA,NA,NA,NA,NA,NA,NA,NA,0.5,32.75,98.7,32.86,4.2,3.92,1,0,0,"N",0,0,-6.13,32.78,116.4,32.86,22.65,33.34,NA,NA,NA,NA,NA,NA,NA,NA,NA,NA,NA,NA,NA,NA,NA,NA,NA,NA,NA,NA
"B62-0716153057","roi5_postnadir",NA,130.01,33.15,138.53,32.99,134.36,3.6,NA,NA,NA,NA,NA,NA,NA,NA,NA,NA,NA,NA,NA,NA,NA,NA,NA,0.2,33.02,435,33.14,4.3,3.8,1,1,1,NA,0,1,-4.56,33.02,130.5,33.14,28.85,42.44,NA,NA,NA,NA,NA,NA,NA,NA,NA,NA,NA,NA,NA,NA,NA,NA,NA,NA,NA,NA
"B62-0716153057","roi6_outflow_passage",NA,134.41,33.32,146.17,34.35,143.34,5,NA,NA,NA,NA,NA,NA,NA,NA,NA,NA,NA,NA,NA,NA,NA,NA,NA,0,34.15,205.1,34.3,1.9,1.5,1,1,0,NA,0,0,-8.73,34.1,46.68,33.3,4.03,11.35,NA,NA,NA,NA,NA,NA,NA,NA,NA,NA,NA,NA,NA,NA,NA,NA,NA,NA,NA,NA
"B62-0716153057","roi7_sens_outgress",NA,145.52,34.56,146.54,34.43,146.18,0.59,NA,NA,NA,NA,NA,NA,NA,NA,NA,NA,NA,NA,NA,NA,NA,NA,NA,0.1,34.47,4.5,34.41,1.7,0.92,0,0,0,NA,0,0,-0.26,34.35,2.8,34.39,2.08,0.69,NA,NA,NA,NA,NA,NA,NA,NA,NA,NA,NA,NA,NA,NA,NA,NA,NA,NA,NA,NA
"B64-0716151334","overall",NA,102.54,32.72,146.6,32.92,116.72,29.43,115.04,31.72,12.5,101.3,120.9,-0.0122,0.1647,"N","N","N","N",NA,NA,NA,NA,NA,NA,0,31.41,275,32.72,1.3,2.4,3,1,0,"N",0,0,-8.23,32.99,160.83,32.72,0.64,7.64,32.7205,275,"collision",33.1415,105.7,"collision",33.349,126.9,"collision",NA,NA,NA,NA,NA,NA,NA,NA,NA,NA,NA
"B64-0716151334","roi1_sens_ingress",NA,116.36,31.19,116.77,31.15,116.61,0.19,NA,NA,NA,NA,NA,NA,NA,NA,NA,NA,NA,NA,NA,NA,NA,NA,NA,0.2,31.11,3.9,31.04,1.6,0.9,0,0,0,NA,0,0,0.01,31.1,0.35,31.22,0.08,0.07,NA,NA,NA,NA,NA,NA,NA,NA,NA,NA,NA,NA,NA,NA,NA,NA,NA,NA,NA,NA
"B64-0716151334","roi2_inflow_passage",NA,111.52,32.32,116.55,31.24,114.54,1.87,NA,NA,NA,NA,NA,NA,NA,NA,NA,NA,NA,NA,NA,NA,NA,NA,NA,0,31.41,3.7,31.28,0,0,0,0,0,NA,0,0,0.09,32.23,0.74,32.32,0.35,0.22,NA,NA,NA,NA,NA,NA,NA,NA,NA,NA,NA,NA,NA,NA,NA,NA,NA,NA,NA,NA
"B64-0716151334","roi3_prenadir",NA,108.76,32.58,111.52,32.32,109.78,1.57,NA,NA,NA,NA,NA,NA,NA,NA,NA,NA,NA,NA,NA,NA,NA,NA,NA,0,32.32,0,32.32,0,0,0,0,0,NA,0,0,-4.66,32.6,7.06,32.62,1.37,1.36,NA,NA,NA,NA,NA,NA,NA,NA,NA,NA,NA,NA,NA,NA,NA,NA,NA,NA,NA,NA
"B64-0716151334","roi4_nadir",NA,102.54,32.72,138.96,32.82,111.39,17.87,NA,NA,NA,NA,NA,NA,NA,"N",NA,NA,NA,NA,NA,NA,NA,NA,NA,0,32.62,275,32.72,5.45,6.4,1,1,0,"N",0,0,0.04,32.67,160.83,32.72,48.31,53.85,NA,NA,NA,NA,NA,NA,NA,NA,NA,NA,NA,NA,NA,NA,NA,NA,NA,NA,NA,NA
"B64-0716151334","roi5_postnadir",NA,139,32.82,146.6,32.92,144.24,3.36,NA,NA,NA,NA,NA,NA,NA,NA,NA,NA,NA,NA,NA,NA,NA,NA,NA,0.2,32.83,63.7,32.88,5.25,3.9,0,0,0,NA,0,0,-8.23,32.99,86.78,33.09,39.27,38.75,NA,NA,NA,NA,NA,NA,NA,NA,NA,NA,NA,NA,NA,NA,NA,NA,NA,NA,NA,NA
"B64-0716151334","roi6_outflow_passage",NA,139.46,33.25,145.66,33.17,143.8,1.19,NA,NA,NA,NA,NA,NA,NA,NA,NA,NA,NA,NA,NA,NA,NA,NA,NA,0.2,33.2,126.9,33.35,2,1.4,2,0,0,NA,0,0,-6.19,33.81,56.72,33.14,4.71,10.93,NA,NA,NA,NA,NA,NA,NA,NA,NA,NA,NA,NA,NA,NA,NA,NA,NA,NA,NA,NA
"B64-0716151334","roi7_sens_outgress",NA,141.5,34.37,143.26,34.24,141.91,0.53,NA,NA,NA,NA,NA,NA,NA,NA,NA,NA,NA,NA,NA,NA,NA,NA,NA,0,34.35,3.5,34.25,1.1,1.8,0,0,0,NA,0,0,-1.27,34.35,3.52,34.26,0.88,3.75,NA,NA,NA,NA,NA,NA,NA,NA,NA,NA,NA,NA,NA,NA,NA,NA,NA,NA,NA,NA
"B67-0806155637","overall",NA,95.42,22.5,141.49,23.86,111.26,30.9,115.51,22.48,20.09,101.3,120.9,0.0598,0.2367,"N","N","N","N",NA,NA,NA,NA,NA,NA,0,20.8,366.8,22.49,1.2,3.2,7,5,0,"N",0,0,-5.59,24.21,193.43,22.5,1.59,17.82,22.4935,366.8,"collision",22.601,343.4,"collision",22.604,274.9,"collision",22.6105,99.9,"collision",22.709,234,"collision",22.744,219.4,"collision",NA,NA
"B67-0806155637","roi1_sens_ingress",NA,106.87,20.99,108.69,20.81,107.86,0.96,NA,NA,NA,NA,NA,NA,NA,NA,NA,NA,NA,NA,NA,NA,NA,NA,NA,0,20.8,0,20.8,0,0,0,0,0,NA,0,0,0.08,20.99,0.63,20.8,0.32,0.25,NA,NA,NA,NA,NA,NA,NA,NA,NA,NA,NA,NA,NA,NA,NA,NA,NA,NA,NA,NA
"B67-0806155637","roi2_inflow_passage",NA,106.22,21.4,108.72,21.87,107.54,1,NA,NA,NA,NA,NA,NA,NA,NA,NA,NA,NA,NA,NA,NA,NA,NA,NA,0,21,0,21,0,0,0,0,0,NA,0,0,-1,21.71,0.96,22.1,-0.5,0.63,NA,NA,NA,NA,NA,NA,NA,NA,NA,NA,NA,NA,NA,NA,NA,NA,NA,NA,NA,NA
"B67-0806155637","roi3_prenadir",NA,106.92,22.35,109.33,22.4,107.6,0.39,NA,NA,NA,NA,NA,NA,NA,NA,NA,NA,NA,NA,NA,NA,NA,NA,NA,0,22.1,0,22.1,0,0,0,0,0,NA,0,0,-3.42,22.35,11.77,22.4,0.82,0.71,NA,NA,NA,NA,NA,NA,NA,NA,NA,NA,NA,NA,NA,NA,NA,NA,NA,NA,NA,NA
"B67-0806155637","roi4_nadir",NA,95.42,22.5,137.34,22.6,109.88,13.86,NA,NA,NA,NA,NA,NA,NA,"N",NA,NA,NA,NA,NA,NA,NA,NA,NA,0,22.4,366.8,22.49,10.45,8.15,1,1,0,"N",0,0,4.27,22.41,193.43,22.5,73.25,75.52,NA,NA,NA,NA,NA,NA,NA,NA,NA,NA,NA,NA,NA,NA,NA,NA,NA,NA,NA,NA
"B67-0806155637","roi5_postnadir",NA,131.51,22.77,139.42,22.61,135.77,2.28,NA,NA,NA,NA,NA,NA,NA,NA,NA,NA,NA,NA,NA,NA,NA,NA,NA,0.4,22.65,343.4,22.6,4.4,2.9,6,4,0,NA,0,0,7.42,22.79,139.49,22.61,31.85,20.86,NA,NA,NA,NA,NA,NA,NA,NA,NA,NA,NA,NA,NA,NA,NA,NA,NA,NA,NA,NA
"B67-0806155637","roi6_outflow_passage",NA,132.94,23.04,141.49,23.86,139.41,3.49,NA,NA,NA,NA,NA,NA,NA,NA,NA,NA,NA,NA,NA,NA,NA,NA,NA,0.1,23.48,81,23.23,2.7,2.1,0,0,0,NA,0,0,-3.07,23.38,83.28,23.05,11.26,20.81,NA,NA,NA,NA,NA,NA,NA,NA,NA,NA,NA,NA,NA,NA,NA,NA,NA,NA,NA,NA
"B67-0806155637","roi7_sens_outgress",NA,139.21,24.22,141.36,24.05,140.5,0.89,NA,NA,NA,NA,NA,NA,NA,NA,NA,NA,NA,NA,NA,NA,NA,NA,NA,0.3,24.11,23.6,24.05,1.9,1,0,0,0,NA,0,0,-5.59,24.21,9.54,24.16,3.49,3.38,NA,NA,NA,NA,NA,NA,NA,NA,NA,NA,NA,NA,NA,NA,NA,NA,NA,NA,NA,NA
"B68-0703133905","overall",NA,86.34,30.56,143.97,31.26,101.29,41.8,98.86,29.62,12.52,101.3,120.9,0.1598,0.3367,"N","N","N","N",NA,NA,NA,NA,NA,NA,0,28.86,410.7,31.21,1.1,4.1,5,3,1,"N",0,1,-7.27,30.46,176.88,30.57,2.66,25.65,30.652,260.5,"collision",30.688,115.1,"collision",30.9265,212.8,"collision",31.21,410.7,"collision",31.611,156.2,"collision",NA,NA,NA,NA,NA
"B68-0703133905","roi1_sens_ingress",NA,99.95,29.05,101.65,28.86,100.95,0.43,NA,NA,NA,NA,NA,NA,NA,NA,NA,NA,NA,NA,NA,NA,NA,NA,NA,0,28.86,0,28.86,0,0,0,0,0,NA,0,0,1.48,28.91,2.5,29.04,1.7,0.46,NA,NA,NA,NA,NA,NA,NA,NA,NA,NA,NA,NA,NA,NA,NA,NA,NA,NA,NA,NA
"B68-0703133905","roi2_inflow_passage",NA,96.56,29.82,100.97,29.06,98.25,1.39,NA,NA,NA,NA,NA,NA,NA,NA,NA,NA,NA,NA,NA,NA,NA,NA,NA,0,29.06,0,29.06,0,0,0,0,0,NA,0,0,-2.94,29.39,2.46,30.16,0.32,1.77,NA,NA,NA,NA,NA,NA,NA,NA,NA,NA,NA,NA,NA,NA,NA,NA,NA,NA,NA,NA
"B68-0703133905","roi3_prenadir",NA,90.96,30.43,97.05,30.16,94.84,3.77,NA,NA,NA,NA,NA,NA,NA,NA,NA,NA,NA,NA,NA,NA,NA,NA,NA,0,30.16,0,30.16,0,0,0,0,0,NA,0,0,-7.17,30.46,3.45,30.32,2.66,1.03,NA,NA,NA,NA,NA,NA,NA,NA,NA,NA,NA,NA,NA,NA,NA,NA,NA,NA,NA,NA
"B68-0703133905","roi4_nadir",NA,86.34,30.56,138.63,30.66,93.71,25.43,NA,NA,NA,NA,NA,NA,NA,"N",NA,NA,NA,NA,NA,NA,NA,NA,NA,0,30.46,260.5,30.65,7.9,10.3,1,1,0,"N",0,0,-7.27,30.46,176.88,30.57,59.42,109.25,NA,NA,NA,NA,NA,NA,NA,NA,NA,NA,NA,NA,NA,NA,NA,NA,NA,NA,NA,NA
"B68-0703133905","roi5_postnadir",NA,131.54,30.87,143.41,30.73,138.46,4.25,NA,NA,NA,NA,NA,NA,NA,NA,NA,NA,NA,NA,NA,NA,NA,NA,NA,0.2,30.93,212.8,30.93,5.6,4.8,2,1,0,NA,0,0,-4.38,30.95,102.69,30.75,43.75,39.01,NA,NA,NA,NA,NA,NA,NA,NA,NA,NA,NA,NA,NA,NA,NA,NA,NA,NA,NA,NA
"B68-0703133905","roi6_outflow_passage",NA,133.04,31.05,143.97,31.26,140.18,2.77,NA,NA,NA,NA,NA,NA,NA,NA,NA,NA,NA,NA,NA,NA,NA,NA,NA,0.2,31.98,410.7,31.21,3.9,4.3,2,1,1,NA,0,1,-2.22,32,162.75,31.17,24.04,35.22,NA,NA,NA,NA,NA,NA,NA,NA,NA,NA,NA,NA,NA,NA,NA,NA,NA,NA,NA,NA
"B68-0703133905","roi7_sens_outgress",NA,138.83,32.15,140.91,32.11,139.64,0.75,NA,NA,NA,NA,NA,NA,NA,NA,NA,NA,NA,NA,NA,NA,NA,NA,NA,0.2,32.18,4.8,32.07,1.8,1.02,0,0,0,NA,0,0,0.52,32.21,15.53,32.1,2.7,6.56,NA,NA,NA,NA,NA,NA,NA,NA,NA,NA,NA,NA,NA,NA,NA,NA,NA,NA,NA,NA
