"file","sensor","date_deploy","duration.mm.ss.","bad_sens","site","deployment_id","pump_turbine","type","rpm","head","flow","point_bep","treatment","run","deployment_info","deployment_config","roi_config","delineated","trimmed","normalized","passage_times","passage_duration.mm.ss.","ingress_nadir_duration.mm.ss.","nadir_outgress_duration.mm.ss.","pres_config","all_pres_processed","pres_sum_processed","pres_rpc_processed","pres_lrpc_processed","acc_config","all_acc_processed","acc_sum_processed","acc_hig_peaks_processed","acc_strike_processed","acc_collision_processed","rot_config","all_rot_processed","rot_sum_processed","pres_min.kPa.","pres_min.time.","HIG_max.g.","HIG_max.time.","messages"
"B117-0320135119","B117","20/03","06:19","Y","Kirton_Lane","KL_Pentair_XRW_2025","Pentair_XRW","Centrifugal",0,0,0,0,"treatment_1",1,"Y","Kirton_Lane_configuration",NA,"N","N","N","N",NA,NA,NA,NA,"N","N","N","N",NA,"N","N","N","N","N",NA,"N","N",99.94,378.67,10.9,379.021,"No warnings"
"B118-0320135108","B118","20/03","06:10","Y","Kirton_Lane","KL_Pentair_XRW_2025","Pentair_XRW","Centrifugal",0,0,0,0,"treatment_1",1,"Y","Kirton_Lane_configuration",NA,"N","N","N","N",NA,NA,NA,NA,"N","N","N","N",NA,"N","N","N","N","N",NA,"N","N",99.93,368.48,13,369.673,"No warnings"
"B119-0320135054","B119","20/03","06:01","Y","Kirton_Lane","KL_Pentair_XRW_2025","Pentair_XRW","Centrifugal",0,0,0,0,"treatment_1",1,"Y","Kirton_Lane_configuration",NA,"N","N","N","N",NA,NA,NA,NA,"N","N","N","N",NA,"N","N","N","N","N",NA,"N","N",99.94,0.46,9.9,0.4915,"No warnings"
"B120-0320134931","B120","20/03","05:51","Y","Kirton_Lane","KL_Pentair_XRW_2025","Pentair_XRW","Centrifugal",0,0,0,0,"treatment_1",1,"Y","Kirton_Lane_configuration",NA,"N","N","N","N",NA,NA,NA,NA,"N","N","N","N",NA,"N","N","N","N","N",NA,"N","N",99.87,347.8,16.6,349.09,"No warnings"
"B121-0320135019","B121","20/03","05:55","Y","Kirton_Lane","KL_Pentair_XRW_2025","Pentair_XRW","Centrifugal",0,0,0,0,"treatment_1",1,"Y","Kirton_Lane_configuration",NA,"N","N","N","N",NA,NA,NA,NA,"N","N","N","N",NA,"N","N","N","N","N",NA,"N","N",99.92,354.92,12.7,354.7405,"No warnings"
"B61-0320124759","B61","20/03","10:13","Y","Kirton_Lane","KL_Pentair_XRW_2025","Pentair_XRW","Centrifugal",0,0,0,0,"treatment_1",1,"Y","Kirton_Lane_configuration",NA,"N","N","N","N",NA,NA,NA,NA,"N","N","N","N",NA,"N","N","N","N","N",NA,"N","N",99.2,185.74,564.9,185.728,"HIG: High impact event >= 400g found"
"B62-0320124850","B62","20/03","15:00","N","Kirton_Lane","KL_Pentair_XRW_2025","Pentair_XRW","Centrifugal",0,0,0,0,"treatment_1",1,"Y","Kirton_Lane_configuration",NA,"N","N","N","N",NA,NA,NA,NA,"N","N","N","N",NA,"N","N","N","N","N",NA,"N","N",105.36,270.44,515,269.352,"HIG: High impact event >= 400g found"
"B63-0320124837","B63","20/03","09:41","N","Kirton_Lane","KL_Pentair_XRW_2025","Pentair_XRW","Centrifugal",0,0,0,0,"treatment_1",1,"Y","Kirton_Lane_configuration",NA,"N","N","N","N",NA,NA,NA,NA,"N","N","N","N",NA,"N","N","N","N","N",NA,"N","N",99.78,338.79,400,338.7695,"HIG: High impact event >= 400g found"
"B64-0320114851","B64","20/03","14:59","N","Kirton_Lane","KL_Pentair_XRW_2025","Pentair_XRW","Centrifugal",0,0,0,0,"treatment_1",1,"Y","Kirton_Lane_configuration",NA,"N","N","N","N",NA,NA,NA,NA,"N","N","N","N",NA,"N","N","N","N","N",NA,"N","N",101.3615,254.3815,293.4,255.8815,"No warnings"
"B65-0320124912","B65","20/03","09:23","N","Kirton_Lane","KL_Pentair_XRW_2025","Pentair_XRW","Centrifugal",0,0,0,0,"treatment_1",1,"Y","Kirton_Lane_configuration",NA,"N","N","N","N",NA,NA,NA,NA,"N","N","N","N",NA,"N","N","N","N","N",NA,"N","N",99.41,139.98,566.4,139.967,"HIG: High impact event >= 400g found"
"B66-0320124914","B66","20/03","14:59","N","Kirton_Lane","KL_Pentair_XRW_2025","Pentair_XRW","Centrifugal",0,0,0,0,"treatment_1",1,"Y","Kirton_Lane_configuration",NA,"N","N","N","N",NA,NA,NA,NA,"N","N","N","N",NA,"N","N","N","N","N",NA,"N","N",109.16,230.9,542.4,229.437,"HIG: High impact event >= 400g found"
"B67-0320124856","B67","20/03","14:59","N","Kirton_Lane","KL_Pentair_XRW_2025","Pentair_XRW","Centrifugal",0,0,0,0,"treatment_1",1,"Y","Kirton_Lane_configuration",NA,"N","N","N","N",NA,NA,NA,NA,"N","N","N","N",NA,"N","N","N","N","N",NA,"N","N",103.2,223.91,551.3,223.9245,"HIG: High impact event >= 400g found"
"B68-0320134926","B68","20/03","08:27","N","Kirton_Lane","KL_Pentair_XRW_2025","Pentair_XRW","Centrifugal",0,0,0,0,"treatment_1",1,"Y","Kirton_Lane_configuration",NA,"N","N","N","N",NA,NA,NA,NA,"N","N","N","N",NA,"N","N","N","N","N",NA,"N","N",99.92,234.82,151.8,234.103,"No warnings"
"B69-0320124918","B69","20/03","08:09","N","Kirton_Lane","KL_Pentair_XRW_2025","Pentair_XRW","Centrifugal",0,0,0,0,"treatment_1",1,"Y","Kirton_Lane_configuration",NA,"N","N","N","N",NA,NA,NA,NA,"N","N","N","N",NA,"N","N","N","N","N",NA,"N","N",99.96,111.67,8.8,112.8815,"No warnings"
"B70-0320124939","B70","20/03","07:59","N","Kirton_Lane","KL_Pentair_XRW_2025","Pentair_XRW","Centrifugal",0,0,0,0,"treatment_1",1,"Y","Kirton_Lane_configuration",NA,"N","N","N","N",NA,NA,NA,NA,"N","N","N","N",NA,"N","N","N","N","N",NA,"N","N",99.96,181.28,216.1,181.912,"No warnings"
"B71-0320124918","B71","20/03","07:48","N","Kirton_Lane","KL_Pentair_XRW_2025","Pentair_XRW","Centrifugal",0,0,0,0,"treatment_1",1,"Y","Kirton_Lane_configuration",NA,"N","N","N","N",NA,NA,NA,NA,"N","N","N","N",NA,"N","N","N","N","N",NA,"N","N",99.94,465.3655,10.6,466.8655,"No warnings"
"B75-0320134945","B75","20/03","07:20","N","Kirton_Lane","KL_Pentair_XRW_2025","Pentair_XRW","Centrifugal",0,0,0,0,"treatment_1",1,"Y","Kirton_Lane_configuration",NA,"N","N","N","N",NA,NA,NA,NA,"N","N","N","N",NA,"N","N","N","N","N",NA,"N","N",99.94,437.69,15.1,439.1595,"No warnings"
"B76-0320135005","B76","20/03","07:05","N","Kirton_Lane","KL_Pentair_XRW_2025","Pentair_XRW","Centrifugal",0,0,0,0,"treatment_1",1,"Y","Kirton_Lane_configuration",NA,"N","N","N","N",NA,NA,NA,NA,"N","N","N","N",NA,"N","N","N","N","N",NA,"N","N",99.89,424.6,11.8,425.052,"No warnings"
"B77-0320125017","B77","20/03","06:52","N","Kirton_Lane","KL_Pentair_XRW_2025","Pentair_XRW","Centrifugal",0,0,0,0,"treatment_1",1,"Y","Kirton_Lane_configuration",NA,"N","N","N","N",NA,NA,NA,NA,"N","N","N","N",NA,"N","N","N","N","N",NA,"N","N",99.95,411.25,16.8,411.2265,"No warnings"
"B78-0320125021","B78","20/03","06:41","N","Kirton_Lane","KL_Pentair_XRW_2025","Pentair_XRW","Centrifugal",0,0,0,0,"treatment_1",1,"Y","Kirton_Lane_configuration",NA,"N","N","N","N",NA,NA,NA,NA,"N","N","N","N",NA,"N","N","N","N","N",NA,"N","N",99.93,399.43,8.7,400.8435,"No warnings"
"B79-0320135020","B79","20/03","07:16","N","Kirton_Lane","KL_Pentair_XRW_2025","Pentair_XRW","Centrifugal",0,0,0,0,"treatment_1",1,"Y","Kirton_Lane_configuration",NA,"N","N","N","N",NA,NA,NA,NA,"N","N","N","N",NA,"N","N","N","N","N",NA,"N","N",99.89,401.43,23.2,402.4705,"No warnings"
"B117-0320152841","B117","20/03","05:30","N","Kirton_Lane","KL_Pentair_XRW_2025","Pentair_XRW","Centrifugal",0,0,0,0,"treatment_2",1,"Y","Kirton_Lane_configuration",NA,"N","N","N","N",NA,NA,NA,NA,"N","N","N","N",NA,"N","N","N","N","N",NA,"N","N",80.7000000000135,226.48,402.2,225.132,"HIG: High impact event >= 400g found"
"B118-0320152830","B118","20/03","05:18","N","Kirton_Lane","KL_Pentair_XRW_2025","Pentair_XRW","Centrifugal",0,0,0,0,"treatment_2",1,"Y","Kirton_Lane_configuration",NA,"N","N","N","N",NA,NA,NA,NA,"N","N","N","N",NA,"N","N","N","N","N",NA,"N","N",104.9,220.84,408.5,220.787,"HIG: High impact event >= 400g found"
"B119-0320152814","B119","20/03","04:58","N","Kirton_Lane","KL_Pentair_XRW_2025","Pentair_XRW","Centrifugal",0,0,0,0,"treatment_2",1,"Y","Kirton_Lane_configuration",NA,"N","N","N","N",NA,NA,NA,NA,"N","N","N","N",NA,"N","N","N","N","N",NA,"N","N",99.85,177.02,518.9,175.8405,"HIG: High impact event >= 400g found"
"B120-0320152651","B120","20/03","06:00","N","Kirton_Lane","KL_Pentair_XRW_2025","Pentair_XRW","Centrifugal",0,0,0,0,"treatment_2",1,"Y","Kirton_Lane_configuration",NA,"N","N","N","N",NA,NA,NA,NA,"N","N","N","N",NA,"N","N","N","N","N",NA,"N","N",104.99,186.8,601.1,186.743,"HIG: High impact event >= 400g found"
"B121-0320152737","B121","20/03","07:52","N","Kirton_Lane","KL_Pentair_XRW_2025","Pentair_XRW","Centrifugal",0,0,0,0,"treatment_2",1,"Y","Kirton_Lane_configuration",NA,"N","N","N","N",NA,NA,NA,NA,"N","N","N","N",NA,"N","N","N","N","N",NA,"N","N",99.93,145.84,585,146.841,"HIG: High impact event >= 400g found"
"B61-0320142619","B61","20/03","09:34","N","Kirton_Lane","KL_Pentair_XRW_2025","Pentair_XRW","Centrifugal",0,0,0,0,"treatment_2",1,"Y","Kirton_Lane_configuration",NA,"N","N","N","N",NA,NA,NA,NA,"N","N","N","N",NA,"N","N","N","N","N",NA,"N","N",100.02,197.92,490.1,197.891,"HIG: High impact event >= 400g found"
"B63-0320142640","B63","20/03","06:12","N","Kirton_Lane","KL_Pentair_XRW_2025","Pentair_XRW","Centrifugal",0,0,0,0,"treatment_2",1,"Y","Kirton_Lane_configuration",NA,"N","N","N","N",NA,NA,NA,NA,"N","N","N","N",NA,"N","N","N","N","N",NA,"N","N",0,259.01,573.1,258.874,"HIG: High impact event >= 400g found"
"B65-0320142701","B65","20/03","06:49","N","Kirton_Lane","KL_Pentair_XRW_2025","Pentair_XRW","Centrifugal",0,0,0,0,"treatment_2",1,"Y","Kirton_Lane_configuration",NA,"N","N","N","N",NA,NA,NA,NA,"N","N","N","N",NA,"N","N","N","N","N",NA,"N","N",104.940000000008,251.73,492.2,250.306,"HIG: High impact event >= 400g found"
"B68-0320152704","B68","20/03","07:10","N","Kirton_Lane","KL_Pentair_XRW_2025","Pentair_XRW","Centrifugal",0,0,0,0,"treatment_2",1,"Y","Kirton_Lane_configuration",NA,"N","N","N","N",NA,NA,NA,NA,"N","N","N","N",NA,"N","N","N","N","N",NA,"N","N",105.18,264.33,618.5,262.9445,"HIG: High impact event >= 400g found"
"B69-0320142655","B69","20/03","06:26","N","Kirton_Lane","KL_Pentair_XRW_2025","Pentair_XRW","Centrifugal",0,0,0,0,"treatment_2",1,"Y","Kirton_Lane_configuration",NA,"N","N","N","N",NA,NA,NA,NA,"N","N","N","N",NA,"N","N","N","N","N",NA,"N","N",104.55,235.05,407.4,235.0655,"HIG: High impact event >= 400g found"
"B70-0320142716","B70","20/03","06:09","N","Kirton_Lane","KL_Pentair_XRW_2025","Pentair_XRW","Centrifugal",0,0,0,0,"treatment_2",1,"Y","Kirton_Lane_configuration",NA,"N","N","N","N",NA,NA,NA,NA,"N","N","N","N",NA,"N","N","N","N","N",NA,"N","N",98.66,255.3,662.1,255.287,"HIG: High impact event >= 400g found"
"B71-0320142654","B71","20/03","06:00","N","Kirton_Lane","KL_Pentair_XRW_2025","Pentair_XRW","Centrifugal",0,0,0,0,"treatment_2",1,"Y","Kirton_Lane_configuration",NA,"N","N","N","N",NA,NA,NA,NA,"N","N","N","N",NA,"N","N","N","N","N",NA,"N","N",0,244.2725,520,245.7725,"PRES: Pressure fault identified (unchanging values); HIG: High impact event >= 400g found"
"B74-0320142732","B74","20/03","05:50","N","Kirton_Lane","KL_Pentair_XRW_2025","Pentair_XRW","Centrifugal",0,0,0,0,"treatment_2",1,"Y","Kirton_Lane_configuration",NA,"N","N","N","N",NA,NA,NA,NA,"N","N","N","N",NA,"N","N","N","N","N",NA,"N","N",103.13,253.4,398.4,253.703,"No warnings"
"B75-0320152717","B75","20/03","05:57","N","Kirton_Lane","KL_Pentair_XRW_2025","Pentair_XRW","Centrifugal",0,0,0,0,"treatment_2",1,"Y","Kirton_Lane_configuration",NA,"N","N","N","N",NA,NA,NA,NA,"N","N","N","N",NA,"N","N","N","N","N",NA,"N","N",94.16,212.15,531,212.4485,"HIG: High impact event >= 400g found"
"B76-0320152733","B76","20/03","05:13","N","Kirton_Lane","KL_Pentair_XRW_2025","Pentair_XRW","Centrifugal",0,0,0,0,"treatment_2",1,"Y","Kirton_Lane_configuration",NA,"N","N","N","N",NA,NA,NA,NA,"N","N","N","N",NA,"N","N","N","N","N",NA,"N","N",99.92,137.76,692.5,139.255,"HIG: High impact event >= 400g found"
"B77-0320142744","B77","20/03","05:17","N","Kirton_Lane","KL_Pentair_XRW_2025","Pentair_XRW","Centrifugal",0,0,0,0,"treatment_2",1,"Y","Kirton_Lane_configuration",NA,"N","N","N","N",NA,NA,NA,NA,"N","N","N","N",NA,"N","N","N","N","N",NA,"N","N",99.81,203.04,424,203.03,"HIG: High impact event >= 400g found"
"B78-0320142745","B78","20/03","05:06","N","Kirton_Lane","KL_Pentair_XRW_2025","Pentair_XRW","Centrifugal",0,0,0,0,"treatment_2",1,"Y","Kirton_Lane_configuration",NA,"N","N","N","N",NA,NA,NA,NA,"N","N","N","N",NA,"N","N","N","N","N",NA,"N","N",104.36,219.08,605.1,217.843,"HIG: High impact event >= 400g found"
"B79-0320152745","B79","20/03","04:47","N","Kirton_Lane","KL_Pentair_XRW_2025","Pentair_XRW","Centrifugal",0,0,0,0,"treatment_2",1,"Y","Kirton_Lane_configuration",NA,"N","N","N","N",NA,NA,NA,NA,"N","N","N","N",NA,"N","N","N","N","N",NA,"N","N",104.48,196.11,402.2,194.699,"HIG: High impact event >= 400g found"
"B117-0320154250","B117","20/03","03:47","N","Kirton_Lane","KL_Pentair_XRW_2025","Pentair_XRW","Centrifugal",0,0,0,0,"treatment_3",1,"Y","Kirton_Lane_configuration",NA,"N","N","N","N",NA,NA,NA,NA,"N","N","N","N",NA,"N","N","N","N","N",NA,"N","N",87.15,175.07,408.5,175.02,"HIG: High impact event >= 400g found"
"B118-0320154237","B118","20/03","03:39","N","Kirton_Lane","KL_Pentair_XRW_2025","Pentair_XRW","Centrifugal",0,0,0,0,"treatment_3",1,"Y","Kirton_Lane_configuration",NA,"N","N","N","N",NA,NA,NA,NA,"N","N","N","N",NA,"N","N","N","N","N",NA,"N","N",95.43,175.43,357.3,175.429,"No warnings"
"B119-0320154221","B119","20/03","04:05","N","Kirton_Lane","KL_Pentair_XRW_2025","Pentair_XRW","Centrifugal",0,0,0,0,"treatment_3",1,"Y","Kirton_Lane_configuration",NA,"N","N","N","N",NA,NA,NA,NA,"N","N","N","N",NA,"N","N","N","N","N",NA,"N","N",99.620000000001,236.98,261.1,236.9545,"No warnings"
"B120-0320154057","B120","20/03","05:56","N","Kirton_Lane","KL_Pentair_XRW_2025","Pentair_XRW","Centrifugal",0,0,0,0,"treatment_3",1,"Y","Kirton_Lane_configuration",NA,"N","N","N","N",NA,NA,NA,NA,"N","N","N","N",NA,"N","N","N","N","N",NA,"N","N",99.72,109.09,282.6,110.2905,"No warnings"
"B121-0320154143","B121","20/03","14:59","N","Kirton_Lane","KL_Pentair_XRW_2025","Pentair_XRW","Centrifugal",0,0,0,0,"treatment_3",1,"Y","Kirton_Lane_configuration",NA,"N","N","N","N",NA,NA,NA,NA,"N","N","N","N",NA,"N","N","N","N","N",NA,"N","N",99.9,107.86,69.2,109.331,"No warnings"
"B61-0320144029","B61","20/03","04:57","N","Kirton_Lane","KL_Pentair_XRW_2025","Pentair_XRW","Centrifugal",0,0,0,0,"treatment_3",1,"Y","Kirton_Lane_configuration",NA,"N","N","N","N",NA,NA,NA,NA,"N","N","N","N",NA,"N","N","N","N","N",NA,"N","N",103.8,259.17,585.4,258.0945,"HIG: High impact event >= 400g found"
"B62-0320144113","B62","20/03","03:47","N","Kirton_Lane","KL_Pentair_XRW_2025","Pentair_XRW","Centrifugal",0,0,0,0,"treatment_3",1,"Y","Kirton_Lane_configuration",NA,"N","N","N","N",NA,NA,NA,NA,"N","N","N","N",NA,"N","N","N","N","N",NA,"N","N",105.22,165.08,474.8,163.837,"HIG: High impact event >= 400g found"
"B63-0320144056","B63","20/03","06:11","N","Kirton_Lane","KL_Pentair_XRW_2025","Pentair_XRW","Centrifugal",0,0,0,0,"treatment_3",1,"Y","Kirton_Lane_configuration",NA,"N","N","N","N",NA,NA,NA,NA,"N","N","N","N",NA,"N","N","N","N","N",NA,"N","N",100,167.356,576.2,168.856,"PRES: Pressure fault identified (unchanging values); HIG: High impact event >= 400g found"
"B64-0320134101","B64","20/03","03:39","N","Kirton_Lane","KL_Pentair_XRW_2025","Pentair_XRW","Centrifugal",0,0,0,0,"treatment_3",1,"Y","Kirton_Lane_configuration",NA,"N","N","N","N",NA,NA,NA,NA,"N","N","N","N",NA,"N","N","N","N","N",NA,"N","N",105.61,173.41,418.7,172.009,"HIG: High impact event >= 400g found"
"B65-0320144119","B65","20/03","06:05","N","Kirton_Lane","KL_Pentair_XRW_2025","Pentair_XRW","Centrifugal",0,0,0,0,"treatment_3",1,"Y","Kirton_Lane_configuration",NA,"N","N","N","N",NA,NA,NA,NA,"N","N","N","N",NA,"N","N","N","N","N",NA,"N","N",104.1,211.36,400.8,211.3265,"HIG: High impact event >= 400g found"
"B66-0320144118","B66","20/03","05:02","N","Kirton_Lane","KL_Pentair_XRW_2025","Pentair_XRW","Centrifugal",0,0,0,0,"treatment_3",1,"Y","Kirton_Lane_configuration",NA,"N","N","N","N",NA,NA,NA,NA,"N","N","N","N",NA,"N","N","N","N","N",NA,"N","N",104.61,175.27,496,174.1795,"HIG: High impact event >= 400g found"
"B67-0320144059","B67","20/03","06:07","N","Kirton_Lane","KL_Pentair_XRW_2025","Pentair_XRW","Centrifugal",0,0,0,0,"treatment_3",1,"Y","Kirton_Lane_configuration",NA,"N","N","N","N",NA,NA,NA,NA,"N","N","N","N",NA,"N","N","N","N","N",NA,"N","N",106.14,202.79,545.6,202.749,"HIG: High impact event >= 400g found"
"B68-0320154126","B68","20/03","04:58","N","Kirton_Lane","KL_Pentair_XRW_2025","Pentair_XRW","Centrifugal",0,0,0,0,"treatment_3",1,"Y","Kirton_Lane_configuration",NA,"N","N","N","N",NA,NA,NA,NA,"N","N","N","N",NA,"N","N","N","N","N",NA,"N","N",101.57,221.37,514.7,221.395,"HIG: High impact event >= 400g found"
"B69-0320144117","B69","20/03","14:59","N","Kirton_Lane","KL_Pentair_XRW_2025","Pentair_XRW","Centrifugal",0,0,0,0,"treatment_3",1,"Y","Kirton_Lane_configuration",NA,"N","N","N","N",NA,NA,NA,NA,"N","N","N","N",NA,"N","N","N","N","N",NA,"N","N",97.06,215.38,217.7,215.3995,"No warnings"
"B70-0320144137","B70","20/03","04:27","N","Kirton_Lane","KL_Pentair_XRW_2025","Pentair_XRW","Centrifugal",0,0,0,0,"treatment_3",1,"Y","Kirton_Lane_configuration",NA,"N","N","N","N",NA,NA,NA,NA,"N","N","N","N",NA,"N","N","N","N","N",NA,"N","N",99.03,210.97,448.6,210.9095,"HIG: High impact event >= 400g found"
"B71-0320144116","B71","20/03","14:59","N","Kirton_Lane","KL_Pentair_XRW_2025","Pentair_XRW","Centrifugal",0,0,0,0,"treatment_3",1,"Y","Kirton_Lane_configuration",NA,"N","N","N","N",NA,NA,NA,NA,"N","N","N","N",NA,"N","N","N","N","N",NA,"N","N",100,160.481,691.7,161.981,"PRES: Pressure fault identified (unchanging values); HIG: High impact event >= 400g found"
"B74-0320144152","B74","20/03","04:24","N","Kirton_Lane","KL_Pentair_XRW_2025","Pentair_XRW","Centrifugal",0,0,0,0,"treatment_3",1,"Y","Kirton_Lane_configuration",NA,"N","N","N","N",NA,NA,NA,NA,"N","N","N","N",NA,"N","N","N","N","N",NA,"N","N",78.67,202.96,471.3,202.8955,"HIG: High impact event >= 400g found"
"B75-0320154136","B75","20/03","04:00","N","Kirton_Lane","KL_Pentair_XRW_2025","Pentair_XRW","Centrifugal",0,0,0,0,"treatment_3",1,"Y","Kirton_Lane_configuration",NA,"N","N","N","N",NA,NA,NA,NA,"N","N","N","N",NA,"N","N","N","N","N",NA,"N","N",99.75,196.57,564.8,196.584,"HIG: High impact event >= 400g found"
"B76-0320154149","B76","20/03","04:20","N","Kirton_Lane","KL_Pentair_XRW_2025","Pentair_XRW","Centrifugal",0,0,0,0,"treatment_3",1,"Y","Kirton_Lane_configuration",NA,"N","N","N","N",NA,NA,NA,NA,"N","N","N","N",NA,"N","N","N","N","N",NA,"N","N",106.41,194.93,599.2,193.4815,"HIG: High impact event >= 400g found"
"B77-0320144159","B77","20/03","07:03","N","Kirton_Lane","KL_Pentair_XRW_2025","Pentair_XRW","Centrifugal",0,0,0,0,"treatment_3",1,"Y","Kirton_Lane_configuration",NA,"N","N","N","N",NA,NA,NA,NA,"N","N","N","N",NA,"N","N","N","N","N",NA,"N","N",106.77,190.01,567.1,188.652,"HIG: High impact event >= 400g found"
"B78-0320144159","B78","20/03","05:19","N","Kirton_Lane","KL_Pentair_XRW_2025","Pentair_XRW","Centrifugal",0,0,0,0,"treatment_3",1,"Y","Kirton_Lane_configuration",NA,"N","N","N","N",NA,NA,NA,NA,"N","N","N","N",NA,"N","N","N","N","N",NA,"N","N",99.84,308.68,499.8,308.6515,"HIG: High impact event >= 400g found"
"B79-0320154158","B79","20/03","03:33","N","Kirton_Lane","KL_Pentair_XRW_2025","Pentair_XRW","Centrifugal",0,0,0,0,"treatment_3",1,"Y","Kirton_Lane_configuration",NA,"N","N","N","N",NA,NA,NA,NA,"N","N","N","N",NA,"N","N","N","N","N",NA,"N","N",105.340000000066,179.42,341.1,179.385,"No warnings"
"B117-0320162115","B117","20/03","03:45","N","Kirton_Lane","KL_Pentair_XRW_2025","Pentair_XRW","Centrifugal",0,0,0,0,"treatment_4",1,"Y","Kirton_Lane_configuration",NA,"N","N","N","N",NA,NA,NA,NA,"N","N","N","N",NA,"N","N","N","N","N",NA,"N","N",63.09,145.47,488.4,145.4825,"HIG: High impact event >= 400g found"
"B118-0320162103","B118","20/03","04:06","N","Kirton_Lane","KL_Pentair_XRW_2025","Pentair_XRW","Centrifugal",0,0,0,0,"treatment_4",1,"Y","Kirton_Lane_configuration",NA,"N","N","N","N",NA,NA,NA,NA,"N","N","N","N",NA,"N","N","N","N","N",NA,"N","N",108.86,158.52,415.6,157.044,"HIG: High impact event >= 400g found"
"B119-0320162046","B119","20/03","03:47","N","Kirton_Lane","KL_Pentair_XRW_2025","Pentair_XRW","Centrifugal",0,0,0,0,"treatment_4",1,"Y","Kirton_Lane_configuration",NA,"N","N","N","N",NA,NA,NA,NA,"N","N","N","N",NA,"N","N","N","N","N",NA,"N","N",107.29,142.59,531,141.293,"HIG: High impact event >= 400g found"
"B120-0320161922","B120","20/03","04:02","N","Kirton_Lane","KL_Pentair_XRW_2025","Pentair_XRW","Centrifugal",0,0,0,0,"treatment_4",1,"Y","Kirton_Lane_configuration",NA,"N","N","N","N",NA,NA,NA,NA,"N","N","N","N",NA,"N","N","N","N","N",NA,"N","N",106.92,140.03,487.3,140.0025,"HIG: High impact event >= 400g found"
"B61-0320151906","B61","20/03","04:28","N","Kirton_Lane","KL_Pentair_XRW_2025","Pentair_XRW","Centrifugal",0,0,0,0,"treatment_4",1,"Y","Kirton_Lane_configuration",NA,"N","N","N","N",NA,NA,NA,NA,"N","N","N","N",NA,"N","N","N","N","N",NA,"N","N",100.27,166.23,249.5,166.2535,"No warnings"
"B62-0320151950","B62","20/03","04:42","N","Kirton_Lane","KL_Pentair_XRW_2025","Pentair_XRW","Centrifugal",0,0,0,0,"treatment_4",1,"Y","Kirton_Lane_configuration",NA,"N","N","N","N",NA,NA,NA,NA,"N","N","N","N",NA,"N","N","N","N","N",NA,"N","N",107.18,166.76,565.8,165.455,"HIG: High impact event >= 400g found"
"B63-0320151933","B63","20/03","04:05","N","Kirton_Lane","KL_Pentair_XRW_2025","Pentair_XRW","Centrifugal",0,0,0,0,"treatment_4",1,"Y","Kirton_Lane_configuration",NA,"N","N","N","N",NA,NA,NA,NA,"N","N","N","N",NA,"N","N","N","N","N",NA,"N","N",100,160.3285,570.9,161.8285,"PRES: Pressure fault identified (unchanging values); HIG: High impact event >= 400g found"
"B64-0320141936","B64","20/03","04:25","N","Kirton_Lane","KL_Pentair_XRW_2025","Pentair_XRW","Centrifugal",0,0,0,0,"treatment_4",1,"Y","Kirton_Lane_configuration",NA,"N","N","N","N",NA,NA,NA,NA,"N","N","N","N",NA,"N","N","N","N","N",NA,"N","N",93.77,154.05,424.1,154.0755,"HIG: High impact event >= 400g found"
"B65-0320151953","B65","20/03","04:16","N","Kirton_Lane","KL_Pentair_XRW_2025","Pentair_XRW","Centrifugal",0,0,0,0,"treatment_4",1,"Y","Kirton_Lane_configuration",NA,"N","N","N","N",NA,NA,NA,NA,"N","N","N","N",NA,"N","N","N","N","N",NA,"N","N",93.31,161.91,242.7,161.9305,"No warnings"
"B66-0320151953","B66","20/03","15:00","N","Kirton_Lane","KL_Pentair_XRW_2025","Pentair_XRW","Centrifugal",0,0,0,0,"treatment_4",1,"Y","Kirton_Lane_configuration",NA,"N","N","N","N",NA,NA,NA,NA,"N","N","N","N",NA,"N","N","N","N","N",NA,"N","N",107.44,154.31,697.8,154.348,"HIG: High impact event >= 400g found"
"B67-0320151934","B67","20/03","04:02","N","Kirton_Lane","KL_Pentair_XRW_2025","Pentair_XRW","Centrifugal",0,0,0,0,"treatment_4",1,"Y","Kirton_Lane_configuration",NA,"N","N","N","N",NA,NA,NA,NA,"N","N","N","N",NA,"N","N","N","N","N",NA,"N","N",107.82,151.98,489.3,150.7355,"HIG: High impact event >= 400g found"
"B68-0320162002","B68","20/03","04:08","N","Kirton_Lane","KL_Pentair_XRW_2025","Pentair_XRW","Centrifugal",0,0,0,0,"treatment_4",1,"Y","Kirton_Lane_configuration",NA,"N","N","N","N",NA,NA,NA,NA,"N","N","N","N",NA,"N","N","N","N","N",NA,"N","N",101.67,172.93,588,172.956,"HIG: High impact event >= 400g found"
"B70-0320152007","B70","20/03","04:23","N","Kirton_Lane","KL_Pentair_XRW_2025","Pentair_XRW","Centrifugal",0,0,0,0,"treatment_4",1,"Y","Kirton_Lane_configuration",NA,"N","N","N","N",NA,NA,NA,NA,"N","N","N","N",NA,"N","N","N","N","N",NA,"N","N",89.77,167.94,567.1,167.9145,"HIG: High impact event >= 400g found"
"B74-0320152016","B74","20/03","04:16","N","Kirton_Lane","KL_Pentair_XRW_2025","Pentair_XRW","Centrifugal",0,0,0,0,"treatment_4",1,"Y","Kirton_Lane_configuration",NA,"N","N","N","N",NA,NA,NA,NA,"N","N","N","N",NA,"N","N","N","N","N",NA,"N","N",99.82,227.78,287.3,228.2985,"No warnings"
"B75-0320161959","B75","20/03","14:59","N","Kirton_Lane","KL_Pentair_XRW_2025","Pentair_XRW","Centrifugal",0,0,0,0,"treatment_4",1,"Y","Kirton_Lane_configuration",NA,"N","N","N","N",NA,NA,NA,NA,"N","N","N","N",NA,"N","N","N","N","N",NA,"N","N",91.44,141.24,400.7,141.3395,"HIG: High impact event >= 400g found"
"B76-0320162014","B76","20/03","04:25","N","Kirton_Lane","KL_Pentair_XRW_2025","Pentair_XRW","Centrifugal",0,0,0,0,"treatment_4",1,"Y","Kirton_Lane_configuration",NA,"N","N","N","N",NA,NA,NA,NA,"N","N","N","N",NA,"N","N","N","N","N",NA,"N","N",106.61,157.27,471.7,156.0185,"HIG: High impact event >= 400g found"
"B77-0320152023","B77","20/03","05:34","N","Kirton_Lane","KL_Pentair_XRW_2025","Pentair_XRW","Centrifugal",0,0,0,0,"treatment_4",1,"Y","Kirton_Lane_configuration",NA,"N","N","N","N",NA,NA,NA,NA,"N","N","N","N",NA,"N","N","N","N","N",NA,"N","N",0,150.51,509.3,150.034,"HIG: High impact event >= 400g found"
"B78-0320152023","B78","20/03","14:59","N","Kirton_Lane","KL_Pentair_XRW_2025","Pentair_XRW","Centrifugal",0,0,0,0,"treatment_4",1,"Y","Kirton_Lane_configuration",NA,"N","N","N","N",NA,NA,NA,NA,"N","N","N","N",NA,"N","N","N","N","N",NA,"N","N",99.91,115.94,403.4,117.1115,"HIG: High impact event >= 400g found"
"B79-0320162021","B79","20/03","04:41","N","Kirton_Lane","KL_Pentair_XRW_2025","Pentair_XRW","Centrifugal",0,0,0,0,"treatment_4",1,"Y","Kirton_Lane_configuration",NA,"N","N","N","N",NA,NA,NA,NA,"N","N","N","N",NA,"N","N","N","N","N",NA,"N","N",107.32,147.01,568.5,145.624,"HIG: High impact event >= 400g found"
"B61-0703140718","B61","03/07","00:59","N","PumpFlow","PF_Test_Rig_2024","PF_FFP_700","Axial_flow",500,3,1.32,100,"Scenario_1",1,"Y","Pumpflow_configuration",NA,"N","N","N","N",NA,NA,NA,NA,"N","N","N","N",NA,"N","N","N","N","N",NA,"N","N",83.2100000000025,21.08,410,21.428,"HIG: High impact event >= 400g found"
